sqft_living,bedrooms,bathrooms,floors,waterfront,view,condition,sqft_above,sqft_basement,yr_built,price
1360,2,3.3,1,0,2,1,1701,537,2022,944130.45
4272,3,1.4,2,0,0,1,1816,452,1947,620361.05
3592,1,2.8,3,0,0,3,1768,153,1931,887908.69
966,1,3.8,2,0,1,2,1627,1053,2019,498784.64
4926,2,3.6,1,0,0,2,1052,667,1950,453641.3
3944,5,1.8,2,0,1,3,1892,584,1951,338870.44
3671,1,3.6,3,0,3,1,1061,762,1998,740484.68
3419,1,1.0,3,0,0,1,1937,628,1973,364222.26
630,3,1.1,2,0,2,5,1751,364,1933,771434.11
2185,4,2.8,1,0,0,4,2043,749,1935,347571.75
1269,2,2.1,2,0,1,2,1509,670,1969,632998.98
2891,2,2.2,1,0,0,2,1172,372,1942,261348.88
2933,5,2.7,2,0,3,2,982,658,2009,433706.64
1684,5,1.6,3,0,2,4,1027,451,1915,503312.23
3885,2,1.6,1,0,1,5,845,541,1958,410376.35
4617,5,2.5,1,0,2,4,1876,619,1952,474601.01
3404,3,3.3,1,0,2,1,1926,773,1918,475318.23
974,2,2.9,3,0,1,1,1721,370,1997,621040.03
1582,5,1.9,2,0,2,2,1486,572,1988,186987.23
3058,2,2.3,3,0,2,3,2324,903,1994,415562.04
2547,4,1.5,1,0,0,2,1460,464,2012,688195.45
3247,1,1.2,2,0,2,3,1588,539,1940,584371.99
1475,2,3.3,3,0,2,4,1480,902,1980,690692.94
2306,1,1.8,1,0,2,1,1364,627,1946,613818.4
689,5,1.5,1,0,2,3,1752,205,1993,337472.73
3234,1,3.1,3,0,1,4,1246,340,2002,599134.58
3505,2,2.9,3,0,3,1,1219,637,1953,515028.92
2399,4,2.9,3,0,0,3,1772,584,1954,840209.2
1767,5,1.7,1,0,2,2,1300,532,1994,620324.69
2028,2,1.7,3,0,2,2,1553,932,1918,578505.11
3702,5,1.7,1,0,1,2,1363,376,1961,600413.64
4056,3,1.5,3,0,3,4,1495,485,1998,570326.83
4390,1,3.0,1,0,2,2,1230,107,1992,566270.17
1146,3,3.5,1,0,1,5,1243,732,1958,460055.99
3388,2,3.2,2,0,0,1,1172,340,1964,580320.93
2935,4,3.4,3,0,0,4,1837,711,1967,642270.0
1100,5,2.2,3,0,2,2,1568,690,1927,659049.21
2863,1,3.0,1,0,2,1,1867,969,1917,640867.52
2561,5,2.1,1,1,3,3,1910,629,1925,726209.55
741,2,2.6,1,0,3,2,1316,428,2003,668433.82
2541,5,2.4,2,0,2,1,1852,590,1918,594277.69
3324,1,1.5,2,0,1,5,1494,348,1954,328450.88
3112,2,2.2,1,0,3,3,1436,563,2018,328509.75
1863,5,3.9,3,0,2,5,2000,459,2023,462779.84
1978,4,1.7,3,0,3,1,1721,485,1956,507013.05
3056,2,1.4,2,1,2,5,1359,320,1905,709700.23
1275,2,2.3,2,0,0,1,1695,560,1900,83043.97
4514,4,3.4,1,0,2,1,993,664,1907,345019.06
534,3,2.7,3,0,0,5,1598,169,1996,470866.86
3652,1,3.0,1,0,3,1,900,362,1950,350471.36
2455,3,1.6,2,1,2,2,1106,533,2006,380283.9
2085,5,2.9,3,0,3,1,1733,30,1984,425125.69
4443,4,2.0,3,0,0,4,431,848,1987,358126.12
3573,3,3.5,2,0,2,1,2221,357,1924,384136.35
1521,2,2.9,1,0,3,4,1833,312,1946,704484.88
3961,5,1.6,1,0,0,1,764,458,1954,592147.75
3113,5,1.2,3,0,3,1,2459,527,1963,614591.5
4343,3,1.1,2,0,1,5,2569,348,2020,494881.59
2000,3,2.1,3,0,0,2,1427,696,2006,651665.78
661,4,1.8,2,0,0,2,1129,579,1982,627169.75
4797,1,2.9,1,0,0,3,2174,332,1992,589780.69
2481,3,2.5,2,0,2,5,1362,395,2016,401875.39
1495,3,1.8,1,0,2,5,1564,196,1909,433694.43
3842,2,1.4,2,0,2,2,1986,249,1955,658719.51
4298,5,1.4,3,0,1,5,1438,577,1911,422489.94
1775,1,3.6,1,0,1,2,1403,334,1932,306721.38
1516,2,1.7,3,0,0,5,991,860,2019,419597.29
837,4,3.0,3,0,1,1,1247,514,1970,733910.85
1378,4,3.4,1,0,3,2,1395,229,1916,419744.5
1576,3,2.8,1,0,0,2,1004,271,1960,549148.22
4493,3,3.6,3,0,0,4,1040,710,2021,407646.81
879,4,2.2,3,0,3,5,1513,484,2023,614513.83
992,3,3.9,3,0,0,5,760,698,1909,580519.88
2562,1,1.4,3,0,1,2,1148,426,1930,276322.29
4384,3,1.3,1,1,2,1,2277,387,1959,540204.8
564,5,3.0,1,0,3,1,1361,723,1969,247611.97
3068,3,3.8,3,0,1,1,1311,328,1916,416889.83
2527,2,3.4,2,0,3,5,1360,597,1949,498284.91
3195,1,1.2,2,0,3,4,1366,457,1936,777029.89
1995,2,1.8,1,0,0,2,1729,675,1981,547686.87
891,2,3.8,3,0,0,3,1701,863,1961,384937.09
4974,5,1.8,3,0,1,4,1343,421,1989,452418.48
4061,1,3.3,1,0,3,3,1414,390,2012,638629.52
2778,1,3.5,2,0,0,4,2025,633,2017,386972.47
3599,1,2.5,2,0,0,1,895,283,1979,664546.77
700,1,2.2,2,0,3,5,1476,823,1971,421542.31
3604,1,2.4,1,1,1,3,1554,789,1987,362702.13
2954,5,1.7,2,1,1,4,1189,300,1976,426349.56
4145,3,3.7,1,0,3,5,1453,183,1928,257557.34
1304,2,2.4,1,0,1,3,1135,267,1931,174113.45
3231,1,3.6,3,0,0,2,1754,270,1987,487619.69
3273,3,1.3,2,0,3,4,964,660,1979,489905.32
2070,3,4.0,1,0,0,2,1924,809,1910,538469.27
3190,2,2.3,2,0,2,1,1470,658,1995,486878.87
4340,5,1.1,2,0,2,2,1320,452,1905,849387.97
1528,4,1.1,3,0,1,2,1098,568,2022,525261.4
1002,4,3.2,2,0,2,4,1912,326,1934,293530.57
4993,3,3.0,3,0,0,1,1239,719,1932,332012.77
1370,2,3.4,1,0,2,2,1033,586,1917,500045.7
4988,4,1.3,2,0,0,5,1920,654,1936,434686.01
706,3,1.1,1,0,1,3,1138,354,1912,315728.02
1984,5,2.5,2,0,1,2,1462,466,1973,491172.79
1363,4,2.2,1,0,0,1,1827,645,2000,493366.37
3290,3,2.4,2,0,2,2,1563,788,1989,739354.06
1063,3,4.0,2,0,1,3,2192,378,2009,362586.54
4691,1,3.9,2,0,3,1,1166,656,1980,437340.83
2257,5,3.8,2,0,1,4,1415,357,1963,738892.46
2178,1,3.4,2,0,2,1,1446,923,1900,549287.93
3742,2,2.1,2,0,3,4,1748,417,1962,361706.79
1559,1,2.2,2,0,2,1,2015,628,1988,392790.17
2222,1,2.6,2,0,0,3,1529,533,1933,317876.19
3814,4,3.5,2,0,3,3,1444,1021,2002,511590.89
3657,3,1.2,1,0,2,1,906,545,1909,654674.0
3125,5,2.3,3,0,3,2,1544,396,1983,744635.19
3229,1,1.2,2,0,2,3,1239,627,1906,277057.74
2097,5,2.5,3,0,3,4,1747,623,1955,630367.59
3560,1,3.7,2,0,2,4,1336,468,1979,524646.92
3193,2,3.3,2,0,0,5,1403,281,1936,460710.45
4127,1,1.7,1,0,3,4,915,394,1928,437399.29
1863,4,3.9,1,1,3,5,775,676,2023,211860.22
2481,3,3.0,3,0,3,1,2244,150,1911,595699.79
2163,2,1.0,1,0,3,1,1551,450,1916,302171.48
2029,1,1.8,1,0,0,1,1661,698,1947,387770.63
2538,5,1.8,3,0,3,2,1135,481,1983,562697.7
3802,2,1.2,1,0,1,2,1850,934,1925,227504.66
2737,2,3.9,2,0,0,5,1778,151,2011,301880.91
1806,1,2.4,3,0,1,4,1179,307,1982,682799.4
4529,2,3.7,3,0,3,4,1076,37,2021,518308.83
3175,5,2.0,2,0,2,1,1206,898,2010,400669.79
1782,2,1.4,1,0,1,3,1488,311,1911,518899.42
1209,5,2.4,3,0,3,2,1566,102,1920,600421.45
4913,1,1.3,3,0,1,2,1515,377,1941,668715.18
4248,3,2.5,2,0,3,1,2019,221,1960,333134.72
1163,2,3.8,2,0,3,2,1214,379,1957,346274.28
2498,3,2.6,1,0,3,1,1065,508,1953,591251.49
3945,5,2.8,3,0,2,5,1500,660,1933,596061.89
4243,2,1.5,1,0,1,4,822,465,1906,298404.65
1995,4,1.1,1,0,0,3,1778,505,2008,351903.4
3804,3,1.3,2,0,0,4,1539,383,1934,470937.9
4263,2,2.8,3,0,0,4,1364,197,1914,503536.44
2353,3,1.3,3,0,0,5,1342,130,1964,507789.48
1791,2,2.1,3,0,3,2,1863,427,1989,296101.43
4081,1,2.7,2,0,1,3,1851,516,1998,506274.17
3957,3,2.2,2,0,1,2,1401,412,1924,392394.4
2136,4,1.5,2,0,2,4,1736,138,2005,325052.36
4196,4,1.8,2,1,1,1,1845,540,1958,498350.59
3499,5,3.8,2,0,1,4,1634,825,2022,483050.96
3652,2,3.0,3,0,1,2,1417,477,1978,620253.99
1198,3,2.5,1,0,2,4,1652,384,1985,370854.74
2660,5,1.0,3,1,0,1,1084,487,2022,535275.57
4597,3,4.0,1,0,1,5,1528,279,1905,264698.72
1354,2,3.0,2,0,2,2,1406,266,1951,458771.65
3974,4,2.0,1,0,2,4,1344,590,1978,569551.68
2207,1,3.6,3,0,3,2,809,698,1987,582203.18
3277,4,1.8,3,0,2,5,1088,470,1920,583225.07
2233,5,2.6,1,1,0,4,1305,105,1970,620656.37
4010,1,2.9,2,0,1,4,1858,570,2020,433131.52
702,5,1.7,2,0,2,2,1614,913,1992,574358.82
3755,2,3.9,3,0,0,2,1875,451,1995,780311.71
4718,1,3.2,1,0,2,1,1997,464,1931,429930.1
4996,5,2.7,2,0,2,5,1631,325,1952,707029.7
1266,2,1.5,2,0,2,1,1556,596,1958,631470.94
4889,4,1.2,3,0,2,4,1110,365,1968,460051.49
2827,2,2.0,2,0,2,2,2294,704,1961,472568.67
3431,3,3.3,1,0,0,4,932,368,1903,517760.35
697,2,1.8,3,0,1,4,1547,568,1985,623024.75
2430,2,2.6,3,0,1,3,1833,490,1917,560395.19
4082,3,3.2,1,0,1,3,1838,811,1998,428750.36
1108,5,1.3,3,0,1,4,1037,581,1980,187692.05
3772,5,3.1,2,1,0,2,1332,777,2013,600826.09
1647,2,1.3,2,0,3,4,1180,521,2013,210125.34
4782,3,3.9,1,1,3,3,707,465,1955,295103.04
3897,3,2.5,2,0,0,2,1552,492,1923,439628.42
3011,4,1.5,1,0,0,4,1212,345,1965,317888.21
2294,5,2.0,1,0,2,5,2102,606,1912,547629.26
1159,1,2.2,2,0,2,5,1746,361,1961,455571.77
3311,5,3.3,1,0,2,4,1516,522,1953,617784.65
1869,5,3.2,2,0,1,2,1310,671,1914,258842.37
2486,4,2.8,3,0,2,4,1546,816,1968,400715.34
646,1,1.3,3,0,3,4,1397,532,1902,500629.91
3719,4,1.5,1,0,1,3,1527,672,1936,506409.22
3411,1,1.3,2,0,2,5,2260,648,1936,604105.46
2234,2,2.7,2,0,1,3,1074,423,2000,362811.71
2343,1,3.6,3,0,3,3,1432,921,1902,429798.46
988,4,2.3,3,0,2,4,1782,384,1962,576102.45
3476,5,1.5,2,0,3,3,1339,518,1934,170215.89
2459,1,2.7,1,0,3,5,2132,790,1951,557740.29
2885,1,3.4,3,0,3,3,1771,785,1986,614592.29
3419,3,3.2,1,0,2,5,1212,502,2023,299950.89
2302,5,3.6,1,0,0,3,1581,698,1927,452746.56
4561,2,1.8,3,0,2,5,1218,455,2023,723898.97
3869,4,1.6,1,0,3,3,1181,402,1993,598974.24
762,2,3.6,1,0,2,3,1443,257,1917,567045.84
1123,5,3.0,2,0,3,2,2005,644,2021,648643.9
1516,1,1.9,1,0,0,5,1798,665,2015,770681.77
4143,1,3.2,2,0,1,5,1490,386,1935,502780.11
2549,5,3.4,3,0,0,5,1812,553,1932,438921.65
4223,1,2.8,3,0,0,1,1607,1030,1963,648280.76
3608,1,3.1,2,0,1,3,1032,729,1925,471882.03
4590,1,2.1,3,0,2,5,1441,319,1947,360797.2
2556,4,2.6,1,0,1,1,1470,700,1939,418990.06
3670,4,2.6,1,0,2,2,1804,320,1916,546849.44
2182,3,3.5,1,0,2,5,1273,-79,1939,432560.63
2755,2,3.5,3,0,3,5,1134,495,1906,443753.71
1654,5,3.5,1,0,3,1,1481,812,1956,345902.63
4999,5,1.0,3,0,1,3,1241,779,1907,715304.98
3691,5,3.2,1,0,0,2,1370,575,2016,448605.99
2196,3,3.3,2,0,1,5,1467,391,1955,393273.35
4491,4,3.0,3,0,2,3,1346,597,1930,409231.58
2148,3,3.3,3,0,3,2,1885,446,1958,620378.9
1945,5,3.5,1,0,1,4,2065,397,1957,585979.79
4699,2,2.4,3,0,1,4,1845,712,1911,424721.79
4423,1,2.5,3,0,3,2,791,394,1947,504846.96
753,4,1.4,2,0,3,1,1243,725,1930,541505.66
3683,4,2.2,2,0,3,2,1428,381,2007,394387.9
3057,3,2.9,1,0,2,2,761,911,1982,268906.58
598,4,3.3,2,1,3,1,1149,171,1962,577255.61
2700,5,1.7,1,0,0,1,1423,308,1973,402689.88
3461,5,1.4,1,0,1,3,1320,468,1938,566052.25
4933,3,3.0,1,0,3,3,1503,103,1975,548154.0
4277,5,1.0,3,0,3,1,947,-14,1919,508368.85
3369,2,1.5,2,0,2,4,1315,104,2000,436080.93
3734,3,1.1,1,0,2,4,1560,441,1947,404910.77
4291,2,1.5,2,0,1,2,1504,446,2004,329237.39
1456,1,1.5,1,0,0,5,1678,566,1970,407787.81
4567,2,2.2,2,0,1,2,1655,460,2015,585322.25
660,1,2.2,2,0,3,2,1337,559,1953,709673.86
4993,1,3.6,1,0,0,5,1548,409,2021,687664.9
1800,2,2.5,3,0,0,1,1180,642,1977,521813.45
4487,3,3.2,2,0,0,4,1391,618,1974,709594.11
2027,5,1.3,3,0,0,2,1077,434,1970,453977.36
1718,5,1.7,3,0,1,5,1926,606,1928,306343.0
4996,1,3.1,1,0,2,3,1390,461,1973,788131.16
3604,1,1.2,1,1,2,2,1925,195,1992,579921.24
3235,3,2.5,1,0,3,4,1624,680,1972,269805.39
1454,4,2.8,2,0,2,1,1145,318,1999,733857.29
3946,2,2.8,1,0,2,2,1600,678,1947,388486.63
1545,1,1.1,1,0,2,2,1823,564,1973,421117.66
2193,5,2.0,2,0,2,5,1468,483,1982,653207.47
3936,3,2.9,2,0,3,3,1529,124,1955,704256.07
1062,2,1.4,1,0,1,3,1279,807,1994,349889.15
2985,3,3.1,1,0,0,1,1509,427,1916,720648.61
3854,2,3.2,1,0,2,4,1595,626,1908,631135.52
725,2,3.9,1,0,1,1,1268,477,2008,380037.68
1459,1,1.6,3,0,2,2,1068,445,1996,463114.06
3567,3,3.5,3,0,2,2,2015,538,1933,727420.38
1315,3,2.6,1,0,0,3,1741,505,1944,265915.76
3620,5,2.1,3,0,0,4,1280,446,1987,707107.16
516,5,1.4,2,0,0,5,1587,488,1908,626961.07
1743,1,3.2,3,0,2,4,908,585,1906,576371.11
2705,1,1.7,3,0,2,2,709,599,1915,519754.35
3024,4,2.1,1,0,2,5,1933,508,1918,795520.7
1569,5,1.2,3,1,0,4,1591,624,2002,817688.54
3944,2,3.4,3,0,3,4,1480,415,1905,407715.54
3065,3,3.3,3,0,1,5,1593,944,2013,591830.72
1560,1,3.2,3,0,3,2,2790,797,2014,781156.47
2827,3,1.9,2,0,2,4,1847,652,1910,382243.31
3920,3,1.5,1,0,2,5,1081,111,1975,536470.94
801,4,2.9,1,0,3,2,827,621,1960,650581.32
4776,5,2.5,2,0,2,5,1921,432,2021,197765.99
1106,1,1.5,3,0,1,5,1842,304,1941,624283.28
3670,3,3.1,2,0,2,4,1730,427,1912,336735.2
1199,1,4.0,3,0,1,2,1174,326,1911,528849.7
1639,2,3.2,2,0,3,4,1645,601,1984,671651.73
690,4,3.2,1,0,3,1,1210,823,1973,141622.9
2800,2,3.9,1,0,2,1,1765,665,1919,617878.83
1480,1,1.6,1,0,1,2,1893,1052,1949,805749.35
3475,1,2.7,3,0,2,5,1282,189,1935,420004.85
1684,5,3.9,3,0,0,4,1952,398,1991,586503.52
3827,3,1.5,2,0,0,4,1545,311,1987,700292.95
3894,3,3.1,2,0,0,2,1696,745,1968,261058.24
627,2,2.8,1,0,0,2,976,455,1936,613605.46
2565,4,2.8,3,0,2,1,1592,537,2023,653564.93
2316,3,3.1,2,0,0,3,1229,626,1911,595793.03
1069,5,3.8,3,0,1,2,1689,209,2021,512993.4
2395,2,3.3,3,0,3,3,2086,375,1998,349938.08
3233,2,1.2,1,0,3,2,1615,699,1939,708713.5
4363,5,3.6,1,0,0,5,1139,390,1953,505175.53
4514,4,1.7,3,0,0,5,1750,157,1901,364417.94
3401,5,2.1,3,0,0,1,1660,319,1949,452296.13
2186,4,2.4,3,0,2,1,2323,442,1940,555257.82
3509,5,2.4,3,0,3,3,1601,533,1944,265822.26
654,5,2.3,1,0,0,2,1265,485,2002,502689.55
3037,1,3.8,2,0,1,4,1808,377,2005,437468.42
1909,2,3.1,1,0,0,1,1448,687,1908,700403.97
4557,5,2.9,2,0,3,4,1532,474,1961,218766.41
1284,5,1.1,3,0,0,4,1128,541,1985,640813.65
3675,3,3.7,2,0,3,2,1451,387,1946,712564.22
4841,2,3.7,1,0,0,3,1512,801,1904,224436.7
3306,3,3.3,1,0,1,2,1448,421,1975,242422.63
1037,2,1.0,3,0,0,1,1263,514,1900,767885.01
2341,3,1.2,1,0,1,4,1615,706,1943,364344.19
2955,5,1.7,3,1,1,2,1130,556,1921,964224.37
1024,5,1.4,1,0,0,2,1036,551,1937,229123.99
3450,1,2.2,1,0,1,2,1783,105,2014,525507.11
4631,3,3.8,3,0,2,1,1747,636,1918,496490.94
4615,4,2.4,2,0,0,3,976,511,1979,468770.63
2868,1,1.0,1,0,0,2,768,608,1930,569444.35
4347,3,1.8,2,0,1,1,1096,536,2014,578096.96
4995,3,1.1,1,0,1,4,1448,388,1966,474851.15
3201,1,1.1,1,0,0,5,1961,678,1986,347873.91
1471,5,1.8,1,0,2,1,1438,539,1941,657164.05
1666,3,1.8,1,0,1,5,1192,242,2022,594207.9
3274,5,3.4,2,0,1,2,1559,761,1981,517187.55
2482,1,3.9,2,0,3,2,1454,213,1925,589455.12
1353,5,2.1,1,0,2,1,947,680,1912,615341.22
4646,2,2.3,1,0,2,5,949,797,1957,385740.19
4236,4,3.5,2,0,0,2,960,278,1917,584102.06
4269,3,1.8,3,0,2,4,2491,475,1966,417044.64
1074,4,1.5,3,0,0,3,1843,456,2021,620305.0
3761,5,3.6,2,0,3,3,1262,465,2023,471140.06
1648,3,1.1,1,0,2,2,1943,866,1986,591757.94
2215,5,2.9,1,0,1,5,1272,281,1902,434930.71
4354,2,2.7,3,0,3,2,1930,438,1954,599555.37
2991,1,2.0,3,0,0,5,1532,800,1988,353184.62
3160,3,1.9,2,0,3,4,1236,435,1990,505425.33
3624,2,3.3,3,0,0,5,1771,312,1957,647094.88
3551,2,1.3,2,0,3,2,1555,552,2007,570080.7
504,3,1.7,3,0,0,4,1659,661,1962,528804.31
1376,5,3.2,3,0,2,1,1586,421,1990,770534.2
1491,2,2.6,3,0,1,3,1582,610,1951,653545.53
4642,4,1.4,1,0,0,2,1820,224,2002,628330.99
4864,2,3.6,1,0,3,2,2533,235,1988,598704.17
4965,5,2.2,1,0,0,2,1999,411,1923,617404.53
1135,5,3.5,3,0,0,4,1587,618,1971,748565.3
2193,4,3.4,2,0,0,1,1375,652,1908,437349.7
2182,2,2.9,2,0,3,5,1419,263,2009,651410.59
619,5,2.5,2,0,1,1,997,644,1936,553473.18
1330,3,3.9,2,0,2,4,1765,533,1993,442532.37
4175,1,1.4,1,0,1,2,1094,324,2016,485041.23
1869,1,3.2,1,0,0,3,1351,233,1982,532873.2
1240,1,1.6,3,0,3,2,1768,545,1952,371008.99
616,2,2.0,3,0,1,5,1405,757,1979,629601.92
3338,4,1.9,2,0,0,3,1303,507,1923,484572.29
1650,5,3.8,1,0,2,2,1021,313,2007,512739.37
2431,3,3.9,2,0,2,3,1982,126,1920,703580.38
1512,3,1.5,3,0,2,1,1166,805,1999,519462.23
2164,2,1.1,3,0,0,4,1265,708,1939,732900.27
1581,1,3.2,2,0,3,2,783,560,2002,421277.82
1012,2,2.3,3,1,1,5,1492,795,2010,335439.52
3349,4,1.3,2,0,2,1,1366,544,1961,456501.03
1059,4,3.1,1,0,0,2,1572,393,1969,77792.8
4172,5,2.6,2,0,0,1,1030,611,1968,635864.26
3843,5,3.9,1,0,1,5,1793,334,1913,344165.22
4570,4,1.7,1,0,2,2,764,300,2016,407345.69
1970,4,2.2,3,0,0,5,1463,654,2008,607441.78
1080,4,2.6,3,0,1,3,1546,671,1941,517868.16
2794,2,3.4,3,0,3,5,1523,245,1949,433918.18
3647,4,2.6,2,0,3,3,1563,252,1960,194518.64
4749,3,2.8,2,0,3,2,1815,410,1903,695121.2
2179,1,1.7,3,0,2,3,2029,357,1971,608462.01
4006,4,3.5,2,0,1,2,1437,595,1987,808358.2
3244,1,2.3,3,1,1,2,1112,509,1974,410543.02
3856,2,1.4,2,0,0,4,1724,732,1916,281832.46
4545,1,3.0,1,0,0,2,1387,563,2013,649213.29
1743,2,1.6,1,0,0,3,2005,371,1984,471791.01
3618,3,1.3,3,0,1,4,1259,121,1956,594225.48
2641,2,3.6,2,1,0,4,1156,535,1989,742987.29
3559,2,2.4,2,0,1,2,1557,157,2006,558222.96
3459,5,3.2,1,0,1,5,803,368,1947,525094.84
2765,4,1.9,1,0,3,5,1313,355,1943,534500.42
2979,4,3.4,3,0,0,4,1368,398,1944,254412.77
2135,3,1.3,1,0,3,2,1588,236,1990,666205.73
2257,3,2.1,3,0,2,5,1101,354,1979,675812.92
4952,4,3.9,1,0,2,2,1148,729,2018,579585.5
2570,5,3.4,1,0,2,2,1962,728,1989,272689.3
3349,4,2.5,2,0,1,4,1494,806,2016,481827.68
3751,5,2.0,1,0,1,4,1845,502,1932,715778.87
4230,3,3.6,1,0,1,1,1283,554,1930,415136.95
2989,1,2.6,3,0,0,5,1478,732,2011,677637.96
2131,3,3.3,1,0,3,5,1585,205,1946,508264.47
3316,3,3.3,3,0,1,5,2199,661,1905,606875.58
1515,2,1.1,1,0,3,3,1412,760,2007,438178.79
1848,2,1.4,1,0,3,2,1433,322,1971,512657.13
3587,2,3.0,3,1,3,4,1939,776,1970,565507.29
3339,2,1.5,2,0,0,5,1348,911,1933,337514.9
835,5,1.8,3,0,0,1,1613,655,2007,541086.97
1395,4,3.8,3,0,2,5,1904,618,1952,96721.21
4046,1,2.7,3,0,2,2,1269,276,1913,409774.73
1351,3,3.3,2,0,3,2,1636,713,1915,581582.45
2187,5,2.7,1,0,2,4,2198,294,1942,668039.44
2431,1,2.7,3,0,3,3,1868,573,2015,570912.82
4246,5,1.3,3,0,0,4,1613,594,1972,291452.48
2927,5,2.0,2,0,0,5,1410,-159,1973,654928.72
2068,3,1.8,3,0,0,1,1258,581,1980,329127.54
4500,4,2.2,1,0,1,4,1104,1024,1911,592129.78
3238,2,3.4,2,0,3,3,2103,81,1969,334124.94
3998,4,2.1,1,0,0,4,2026,489,1918,384019.07
4413,3,2.4,1,0,3,2,1237,110,2006,356547.63
1566,3,2.2,2,0,2,5,1635,321,1940,520843.79
4880,3,1.3,3,0,2,5,1544,114,1952,470669.82
2944,1,2.3,1,0,0,5,1973,531,1928,576336.42
4607,4,1.6,1,0,3,5,1653,658,1969,497204.77
3873,4,1.6,1,0,0,5,1490,581,1958,272318.98
4469,5,1.3,1,0,2,5,1283,313,1988,541371.87
3046,5,2.1,2,0,0,1,1636,378,2020,235675.15
1253,5,3.3,2,0,3,3,1360,554,1963,367421.9
2582,3,1.8,1,0,2,5,1588,320,1923,445413.0
3274,4,1.9,3,0,1,3,1469,234,1988,435019.49
3396,3,2.9,1,0,2,5,1351,452,1915,252888.1
4685,1,1.6,3,0,1,4,1110,311,1951,705673.93
1275,5,3.7,1,0,0,5,1705,582,1979,747200.42
2125,3,2.6,3,0,0,2,1517,759,1905,837616.27
3569,3,2.3,1,0,3,1,2214,1019,1936,672147.71
917,1,2.7,3,0,1,4,1087,567,1984,440683.02
614,2,1.5,1,0,0,4,1750,629,1903,438098.07
1116,4,2.8,1,0,1,2,1466,380,1997,429815.92
4474,2,2.1,3,0,0,5,2339,392,1991,797845.65
3767,5,3.7,2,0,2,1,1719,756,1937,482668.78
1325,3,1.5,3,0,0,4,1629,444,1940,690384.94
2016,1,2.5,2,0,3,1,1467,514,1991,678715.25
3646,1,2.8,1,0,2,4,1218,744,1980,528432.18
912,4,1.1,3,0,3,5,1624,446,1913,282253.87
1228,2,2.1,3,0,2,4,947,800,1970,485912.2
3848,4,3.2,3,0,1,4,965,614,1985,522044.94
3308,3,3.5,2,0,3,3,1904,591,1950,691688.19
1175,4,1.9,2,0,0,5,795,370,1964,502918.69
3965,1,3.4,1,0,1,2,1372,601,1992,318709.17
3004,1,3.9,2,0,0,2,1080,414,1951,648186.5
3467,5,3.6,2,0,2,5,1339,593,1994,465868.8
3286,5,1.4,1,0,2,2,1573,479,1929,118212.57
1622,3,3.2,3,0,0,5,1893,693,1956,548747.69
4579,2,2.0,3,0,0,2,1987,493,1978,575115.69
2071,4,4.0,1,0,1,3,1132,907,1981,373559.27
2643,3,2.5,3,0,0,2,1313,444,1998,471193.13
2187,5,1.4,2,0,3,4,3121,393,2013,598657.55
4632,4,3.2,1,0,3,5,1399,569,1929,549767.72
4351,5,2.0,1,0,0,1,1147,715,1997,265601.46
3940,4,4.0,1,0,3,1,1213,714,1941,688032.52
4266,2,3.9,3,0,0,5,1402,533,1910,755949.59
2826,3,3.0,1,0,1,3,1342,567,1926,423472.42
3414,4,1.4,1,0,3,2,1406,568,1923,213519.26
4452,1,3.1,1,1,3,3,1491,284,1998,615666.92
1095,1,1.3,3,0,0,1,1488,704,1938,399036.13
1228,4,1.1,2,0,3,5,1117,248,1971,580317.32
1865,4,3.5,1,0,2,5,1647,284,2014,830325.57
4992,4,1.6,2,0,1,3,1548,511,1917,268053.86
1198,1,2.1,3,0,1,3,1698,436,1976,380506.87
895,1,3.9,3,0,3,2,814,659,1944,470828.06
4671,4,2.0,3,0,3,4,1562,589,1987,693751.75
4860,5,1.9,3,0,2,4,705,527,2014,1033342.57
3002,5,3.8,2,0,2,2,1429,274,1986,537062.78
2319,2,1.3,1,0,3,4,1763,505,1911,255166.59
1217,3,3.3,3,0,3,1,1918,489,1948,448171.79
3282,5,4.0,3,0,2,4,1633,544,1993,383770.48
4077,1,3.7,2,0,0,2,1770,413,1930,608237.82
643,5,3.0,2,1,2,4,1380,604,1991,556532.71
3640,2,1.9,3,0,0,5,1296,430,1921,343727.99
4991,2,1.8,1,1,1,3,2577,585,1943,374977.19
3438,3,3.5,1,0,1,1,1830,659,1991,445991.42
4136,5,3.6,3,0,2,5,1030,393,1963,464096.25
3722,1,2.6,2,0,0,5,806,345,1976,493671.66
1667,1,1.7,3,0,2,2,1313,595,1924,507330.98
3116,4,1.3,3,0,2,3,1976,235,2007,685227.58
1562,1,1.3,2,0,0,3,1519,722,1950,440568.35
2656,3,3.2,3,0,2,1,610,502,2009,418464.97
3482,3,2.3,3,0,1,2,1429,477,1906,299183.9
3794,1,3.7,3,0,3,1,1499,609,2008,466421.12
1656,1,3.2,2,0,3,4,533,596,1905,538429.44
1232,4,1.6,1,0,2,5,1509,501,1923,241385.55
4830,1,2.8,1,0,0,1,1094,675,1918,448635.71
1453,4,2.3,2,0,0,5,765,365,1982,674044.12
3039,4,2.7,1,0,1,2,2141,642,1999,597245.91
3824,1,3.2,3,0,0,4,1076,284,2014,556014.98
3801,2,3.4,1,0,0,2,1233,602,1908,593181.84
2042,2,3.5,3,0,1,4,1227,434,2011,413944.36
1691,4,1.8,1,0,2,4,1500,237,2022,393962.03
3493,1,1.1,2,0,3,5,2206,551,1935,690786.32
3181,2,3.2,1,0,1,2,1021,493,2001,624295.91
1717,1,1.3,1,0,2,2,1377,191,1939,388059.05
2040,1,1.9,1,0,1,1,1548,77,2022,218191.41
3736,1,1.0,2,0,2,2,1152,469,1992,391172.67
2886,5,3.0,1,0,1,1,1370,823,1923,581530.13
4219,1,1.5,2,0,2,3,1737,564,1947,401260.98
1888,5,3.0,3,0,1,3,1197,366,1962,549510.17
2356,4,4.0,1,0,2,3,1364,716,1968,712965.58
1865,2,1.2,2,0,1,2,1327,681,1952,486045.94
999,2,1.2,2,0,3,2,1458,754,1953,535094.02
2180,2,2.0,1,0,3,1,1597,636,1941,602735.58
1010,2,3.6,3,0,0,4,1734,677,2018,337687.36
4812,2,1.6,2,0,2,1,2275,646,1944,384042.62
1824,2,2.1,1,0,1,3,436,404,1989,608924.17
1655,2,1.2,3,0,2,1,1433,172,1913,505545.13
2327,4,3.3,2,0,3,4,954,395,2002,518263.79
3641,1,2.2,2,0,2,2,1345,720,1928,504992.87
3986,3,3.3,3,0,1,1,1852,423,2015,646744.1
2310,5,3.7,3,0,2,3,1979,470,1905,565356.9
3423,3,1.7,1,0,1,3,1997,266,1906,567323.01
2714,3,3.4,1,0,3,2,1994,389,1936,683329.72
4686,1,1.2,2,1,3,1,1430,498,1952,740986.08
1213,1,3.7,3,0,3,4,2059,598,1917,836538.76
4102,1,3.0,3,0,0,2,2138,408,1986,413147.95
4634,2,3.6,3,0,3,1,1555,394,2007,870411.11
4022,4,1.0,2,0,2,5,1970,668,1937,335484.06
4768,2,1.5,3,0,0,3,1516,565,1958,790287.11
1743,4,2.2,3,0,3,4,2064,589,1900,404906.02
4209,4,2.1,2,0,2,4,1435,805,1967,489659.03
1581,3,1.7,1,0,2,4,1256,398,2014,502786.39
955,3,2.1,1,0,2,3,1052,490,1943,369954.39
1394,4,1.4,2,0,1,1,1430,610,1946,513007.8
1884,4,2.2,3,0,0,2,1533,325,1934,377699.28
2458,2,3.4,2,0,2,1,1121,545,1986,314758.49
3572,2,2.4,1,0,1,2,1399,504,1990,494191.46
2496,3,1.1,1,0,3,4,1289,1055,1959,738481.53
4785,1,2.3,2,0,2,1,1069,519,1989,461897.04
1004,4,1.1,2,0,1,4,1914,731,1951,641153.14
1714,2,3.9,1,0,2,5,1984,665,2023,373150.06
2031,3,1.4,2,0,0,4,1912,268,1907,307478.59
3940,2,3.1,1,0,0,4,1466,190,2006,568079.02
1323,4,3.9,2,0,3,2,1491,549,1979,763341.86
1428,4,3.5,2,0,2,5,1074,751,1940,531343.17
633,5,3.1,2,0,1,4,1665,557,1902,623997.12
2605,1,3.5,1,0,3,4,1567,515,1995,724268.66
4127,5,3.9,2,0,2,5,2637,443,1968,494520.45
2352,3,2.9,1,0,3,5,1934,235,1983,477190.51
4675,2,2.7,1,0,1,1,1626,307,1913,570813.25
3433,3,2.9,2,0,3,2,1483,175,2023,597502.87
3784,4,2.6,2,0,3,5,1900,279,1995,290153.74
4798,5,2.9,1,0,3,5,1133,394,1925,544358.84
3311,5,2.3,1,0,2,3,1955,655,2010,499897.79
1750,5,1.7,3,0,1,5,1065,410,1969,381572.17
4012,3,1.4,1,0,0,2,1275,551,2022,489528.44
1756,4,1.2,3,0,2,4,764,527,1957,325201.28
3876,2,1.8,3,0,0,4,1745,599,1999,273360.84
3986,2,1.1,3,0,0,4,1599,293,1939,510027.24
4084,3,2.7,2,1,2,4,1275,711,1950,635311.55
1896,5,1.9,2,0,2,3,1128,218,2022,447906.39
4137,1,3.5,1,0,1,5,2051,410,1904,355890.61
3830,3,1.2,3,0,1,4,1446,495,1976,379205.18
3203,3,1.7,2,0,3,1,1193,652,1931,582341.68
970,4,3.2,2,0,0,4,2268,775,1979,750107.78
1853,2,2.8,2,0,1,5,1237,653,1900,615568.43
3283,3,1.2,2,0,3,4,1955,783,1976,695118.78
3331,3,3.6,2,0,1,3,1039,334,1953,342856.45
857,5,3.6,3,0,2,2,1358,738,1910,488910.51
3519,5,2.0,3,0,1,2,1700,703,1952,652803.63
1167,1,2.0,3,0,0,5,1476,20,1907,290123.36
4968,4,4.0,3,0,1,2,1597,455,1924,401244.02
1645,1,2.9,1,0,0,2,1284,620,1939,641302.87
4685,5,2.6,3,0,2,1,860,396,1931,538763.87
4219,2,3.5,2,0,0,5,2086,282,1987,355233.36
3245,5,1.9,3,0,1,5,1308,922,1927,255376.79
1039,4,2.3,1,0,3,2,1615,522,1977,700597.28
3279,5,1.8,2,0,2,2,1780,527,2008,191992.34
4636,4,3.4,3,0,1,2,1623,238,1902,594859.28
4275,4,2.7,3,0,2,3,1216,377,1999,420043.33
3008,4,3.0,3,0,2,4,1963,320,1990,657060.25
3279,4,1.8,2,0,1,3,1705,715,1983,343677.76
1424,4,1.7,2,0,1,5,1579,600,2010,892219.84
3456,2,2.5,1,0,3,1,1570,385,1978,560344.83
2081,1,3.2,2,0,2,4,2172,612,1961,585060.38
3824,3,2.6,2,0,2,1,1207,449,1926,384042.92
4985,1,1.1,3,0,1,5,1666,546,2016,479992.95
755,4,3.6,2,0,0,5,1288,545,1944,483882.64
2338,2,1.2,3,0,1,1,725,584,2004,769410.25
2444,5,3.9,3,0,2,1,714,559,1991,560086.52
509,2,1.1,2,1,1,1,1094,584,1924,581574.46
3371,4,3.1,1,1,3,5,1236,751,2005,579897.33
1297,2,1.2,1,0,0,2,2369,628,1960,594291.63
1515,2,3.7,2,0,1,1,1779,432,1943,291581.97
2324,4,2.4,1,0,3,4,1815,480,2009,807390.22
4969,2,1.4,3,0,2,5,1245,746,1996,368376.71
3636,3,2.0,3,0,1,3,1524,522,1945,494239.35
2693,3,1.5,2,0,2,3,2422,425,1913,729722.43
723,2,1.5,1,0,3,4,1014,373,1907,790193.79
4658,5,3.8,1,0,2,2,1682,554,1947,620893.11
4425,4,2.3,3,0,3,1,2144,329,1913,424295.8
4500,3,3.4,2,1,3,5,1886,756,1964,519160.18
2133,5,2.9,1,0,3,1,2220,292,1979,525045.09
2652,2,3.0,2,0,1,5,1585,795,1981,530358.57
1010,5,1.4,1,0,2,3,1741,442,1906,315492.05
884,1,1.7,3,0,2,1,1543,284,1978,689016.43
904,3,3.4,3,0,0,4,1713,537,1987,520188.35
2500,2,3.9,2,0,0,2,1133,309,1948,391667.18
3256,4,1.8,3,0,0,4,1816,506,2014,425241.04
2168,2,1.8,1,0,0,2,1617,384,1954,540477.51
1960,4,2.4,3,0,2,1,1525,689,1912,289564.0
4136,2,4.0,2,0,3,1,2198,527,1972,631765.26
3224,5,1.8,2,0,3,2,1393,262,1955,535209.55
4678,5,2.2,2,0,1,3,1983,380,1955,734853.44
2548,5,3.7,1,0,3,5,2022,640,1914,511637.56
4646,1,1.0,1,0,2,4,1842,757,1956,337209.81
1216,4,1.1,1,0,2,4,1113,490,1957,320329.52
2323,5,2.8,1,0,2,4,1643,291,1934,441394.16
2581,1,3.7,1,0,1,1,2283,710,1987,457264.29
3919,4,1.7,3,0,0,4,772,640,1996,414910.74
2074,2,2.4,1,0,3,5,1424,761,1915,519272.08
749,1,2.4,1,0,2,5,1964,558,1907,411103.45
1173,3,2.4,3,0,2,2,1453,395,1992,538130.88
2665,1,2.9,1,0,0,1,1823,603,1986,421902.74
1270,1,2.4,2,0,2,5,2063,565,1944,594755.56
4462,4,2.3,1,0,3,3,1592,385,1994,453485.18
4863,2,2.4,1,0,1,1,1703,539,1939,686931.0
2484,3,2.8,2,0,2,1,1536,460,2012,597844.2
1577,5,2.6,2,0,3,5,1619,648,1953,529037.8
735,5,3.6,2,1,2,3,2341,598,2018,468848.41
888,1,1.1,2,0,0,2,1474,289,1913,272148.54
3537,4,3.5,1,0,2,5,1358,269,1958,712032.41
2348,4,3.5,2,0,2,3,1916,482,2016,397883.44
3314,5,1.9,2,0,1,1,1162,506,1993,513609.82
3874,3,2.4,3,0,0,3,1254,652,1952,551570.65
3778,2,2.3,2,0,0,1,1256,602,2002,472473.27
1752,3,1.7,2,0,1,5,1397,791,1926,703190.16
4481,2,2.2,3,0,2,5,1415,406,1946,316794.36
2622,5,1.1,3,0,3,4,1779,395,1979,760090.22
2650,2,1.8,1,0,0,4,1363,308,2014,600733.63
1829,4,3.5,3,0,0,4,1795,649,1905,463036.91
1858,1,1.9,1,0,2,5,1845,504,1954,464715.5
2982,1,3.5,3,0,2,2,1238,129,1996,167476.77
2517,5,2.6,3,0,0,5,1837,540,1943,372765.08
1831,4,3.6,1,0,2,3,1873,553,1917,446914.44
4844,3,2.7,3,0,3,5,795,471,1915,526415.75
4761,4,1.1,1,0,0,5,1617,559,1911,688937.19
1858,1,3.0,3,1,3,1,1297,255,1919,805631.84
3677,1,1.1,2,0,3,1,2021,828,1944,540840.06
2628,4,2.4,3,0,2,1,1293,576,1963,530841.4
2680,4,3.8,1,0,3,5,964,145,2003,426447.23
637,1,1.5,3,0,2,2,1488,498,1958,242734.98
3972,3,2.2,1,0,1,3,1141,581,1992,409132.02
3332,5,3.2,1,0,2,3,1839,277,1993,469174.84
4079,5,3.6,2,0,3,2,1176,606,1989,646309.16
3531,4,3.0,2,0,1,2,1492,836,1921,577927.18
4664,5,1.8,1,0,2,3,2118,371,1996,533231.78
3093,1,3.0,3,0,3,4,1939,585,2021,412879.99
4800,1,1.9,1,0,0,1,1691,541,2016,202682.49
4318,4,3.2,1,0,0,1,1448,693,2002,211736.59
4638,4,3.9,3,0,2,3,1653,478,1946,250439.53
4323,4,3.2,3,0,2,2,1775,286,1928,456199.0
4542,3,3.6,3,0,0,4,1105,680,1985,649106.67
2406,5,1.0,3,0,3,3,1840,298,1944,645059.84
1260,4,3.2,1,0,3,1,1059,861,1976,619057.36
3945,2,3.5,1,0,3,5,1728,612,2023,422735.68
1399,2,1.1,2,0,2,2,1057,380,1908,671639.47
4955,1,3.6,1,0,1,5,2285,721,1923,360339.41
3447,5,1.8,3,0,1,3,1805,498,1914,628009.02
2219,4,3.0,2,0,1,1,877,455,1935,248813.55
780,2,3.4,3,0,1,4,1499,363,1912,323433.16
3766,5,3.0,1,0,1,5,1291,124,1990,747892.26
2387,1,1.3,2,0,2,4,1244,620,1943,469424.81
3766,3,2.8,3,0,2,1,1558,174,2000,397854.52
1166,5,2.6,2,0,1,5,1128,341,1970,665413.81
4688,5,3.7,2,0,2,4,1804,586,1971,682605.74
1171,3,2.2,1,0,2,4,1781,399,2000,435007.88
2469,5,2.0,3,0,1,5,1640,531,2004,541769.52
4656,1,3.2,2,0,3,1,1492,257,1977,520536.11
3622,1,2.2,2,0,2,4,1763,430,2021,75934.78
4400,3,2.9,3,0,3,3,1816,532,1975,290620.99
1023,4,2.9,2,0,2,5,1681,309,1935,641338.16
2893,2,3.7,2,0,2,2,975,837,2015,375109.36
3617,4,2.8,2,0,1,2,1184,372,1960,579475.68
3093,5,2.5,3,0,2,1,1392,775,2003,539456.07
2468,2,1.4,3,0,0,3,909,466,1980,682314.92
2253,3,1.3,3,0,0,4,1589,186,1939,295431.28
2796,3,1.5,3,0,1,2,2064,272,2016,559130.88
2761,2,1.5,1,0,3,1,2000,535,1992,490187.83
2786,1,2.9,2,0,3,3,1795,706,1926,381533.85
4702,2,3.2,3,0,3,3,1791,853,1900,380480.54
3378,5,2.6,2,0,0,1,2386,525,2015,534122.13
4643,1,3.5,2,0,3,1,1837,264,1933,594450.53
4144,3,4.0,1,0,3,4,1870,555,1967,509539.44
4932,2,3.5,3,0,1,1,924,334,1987,514207.14
2555,4,3.1,3,0,3,4,2033,578,1920,425225.84
1776,4,2.6,2,0,0,4,1659,311,1932,435172.13
3266,5,2.3,3,0,0,5,1468,82,1906,381129.45
802,4,1.3,2,0,0,3,1368,763,1964,422209.75
1138,2,2.2,2,0,1,3,1280,454,2004,589201.34
555,2,3.7,1,0,1,3,2002,509,1902,605960.84
1025,4,3.4,1,0,2,5,1488,699,2007,308618.66
4623,2,1.6,1,0,3,4,1295,875,1950,365534.5
2625,5,2.4,2,0,1,4,1191,644,1978,393440.3
3787,1,3.5,3,0,0,1,1568,520,1994,490394.47
864,5,1.2,1,0,0,5,1356,592,1953,247527.08
2146,5,2.2,3,0,1,1,1264,441,1979,368163.94
1418,2,3.6,1,0,1,5,947,507,1973,292162.77
3297,1,2.2,1,0,1,1,1883,528,2017,560072.32
2031,2,1.2,2,0,2,2,1444,342,1992,495548.76
3845,3,2.6,1,1,0,3,1065,504,2022,430617.87
2406,2,3.6,1,0,2,3,1391,573,1958,340508.41
3586,2,2.8,2,1,2,4,1719,603,1905,432935.53
2575,2,1.7,3,1,3,2,1511,587,1928,415296.18
1213,1,2.2,1,0,0,3,1576,232,1916,745199.98
1562,2,2.4,2,0,0,4,1517,745,2016,649552.96
2476,1,2.7,1,0,1,2,989,729,1959,396393.81
1796,4,3.3,2,0,1,3,1879,480,1921,524779.3
625,3,1.3,3,0,3,1,816,591,1923,641631.3
4096,1,3.7,3,0,2,5,1684,456,1980,396347.87
3783,4,1.0,2,0,1,2,1746,650,1984,287433.39
2103,1,2.1,2,0,1,4,1412,337,1950,230471.22
566,1,1.1,2,0,0,2,1641,768,1949,690840.04
732,3,2.2,3,0,0,4,1389,640,1910,471340.64
2656,5,2.6,1,0,1,2,1646,645,1955,543698.78
1669,5,2.5,3,0,0,4,1897,478,1970,413864.39
2658,1,1.5,2,0,3,3,1183,217,1941,309815.16
4706,2,2.9,2,0,1,1,1769,676,1938,337804.88
1993,4,1.1,3,0,0,3,2176,224,1968,298844.78
4507,2,3.3,2,0,3,1,1605,679,2007,627499.16
2972,2,3.8,3,0,0,3,1298,345,1947,723884.17
3160,1,2.0,2,0,0,3,2405,182,1956,505586.59
3239,1,2.6,1,0,0,2,1535,500,1920,272330.14
2261,1,2.1,1,0,1,5,1592,736,1981,574487.63
4014,1,1.0,2,0,2,4,1600,306,1998,689747.7
2475,5,2.2,3,0,0,4,1679,819,1919,645750.02
2862,1,3.4,1,1,3,4,1364,631,1914,495630.34
1376,5,2.8,3,0,1,1,1575,531,1968,464827.66
4312,5,1.3,2,0,1,4,1880,412,1976,494425.05
3948,1,3.5,3,0,3,4,1350,426,1950,683787.35
1812,3,2.6,1,0,0,2,1332,586,1975,614054.81
1960,4,3.5,3,0,2,3,1383,669,1961,442136.45
3209,2,2.7,3,0,0,4,1060,381,2018,438362.71
2824,5,2.7,2,0,3,5,1226,338,1984,427745.74
2233,4,1.3,2,1,1,4,1210,457,1936,340305.1
2105,3,1.5,2,0,2,1,1499,778,1905,702775.74
3063,2,3.9,1,0,1,1,1834,256,1970,381826.44
3921,2,1.7,1,0,3,1,2081,728,1925,573541.41
4017,5,3.9,2,0,0,4,1522,508,2005,400785.85
2897,1,2.6,2,0,2,2,1682,169,2011,428416.42
4235,3,1.4,1,0,1,5,1597,407,1907,482917.88
3370,5,1.3,1,0,1,4,662,621,1972,581786.36
1660,3,1.6,1,0,1,2,1040,860,1990,461116.42
742,1,3.8,1,0,0,2,1804,234,1903,329119.22
3090,1,2.2,2,0,2,4,1843,-63,1920,502862.2
1563,5,2.2,1,0,0,4,1834,238,1930,384999.23
4824,1,1.9,2,0,0,2,1428,726,1920,731575.75
3095,4,1.4,3,0,0,2,702,141,2003,461008.32
1419,2,2.5,3,0,3,2,1088,799,1924,399804.6
505,5,1.4,1,0,3,4,1149,742,2002,796220.12
967,3,3.5,3,0,3,2,1751,538,1914,610833.46
4670,4,2.1,3,0,2,1,1357,374,2016,365483.88
503,5,2.1,3,0,0,4,2176,511,1934,381362.89
1145,1,2.4,1,0,0,1,2087,622,1948,571127.45
617,1,2.3,1,0,3,3,2169,591,1942,506521.45
3428,1,4.0,3,0,0,4,1133,847,1940,633526.33
3051,1,2.6,2,0,0,3,1696,447,1936,400598.55
4789,3,1.3,3,0,1,2,1308,239,1956,605166.37
1346,4,2.8,1,0,0,2,1631,204,1941,164256.75
3262,2,1.5,1,0,1,5,1177,164,1946,476833.72
1641,3,1.1,1,0,0,2,1990,539,1991,407423.13
2310,3,3.9,3,0,2,3,1185,453,1960,431743.01
1223,2,3.3,2,0,3,2,721,506,1913,484568.8
724,2,3.9,1,0,1,4,2313,392,1967,670775.55
4708,1,2.4,1,0,3,2,1676,277,1952,326894.02
2548,3,2.6,3,0,1,5,1072,622,1983,171793.55
4915,5,1.5,2,0,1,2,1435,7,1933,344291.96
2073,2,1.7,3,0,1,3,1269,339,1975,653365.39
2328,2,3.5,1,0,2,3,1502,657,1996,253251.3
2417,4,2.1,2,0,0,2,1821,319,1923,414207.85
4734,5,3.5,2,0,1,3,1758,578,1919,625936.61
2526,5,3.1,1,0,2,3,1601,339,1968,491235.72
4244,2,1.5,2,0,1,5,1502,408,2001,669306.01
1401,1,2.5,2,1,0,4,1931,614,1929,194765.68
2539,4,3.0,3,0,1,5,729,244,1987,451758.64
509,5,1.7,1,0,2,1,1200,649,2006,700576.57
760,2,3.5,1,0,0,5,1108,509,2003,330967.75
2173,5,2.6,1,0,2,2,1902,751,1906,655221.48
2719,4,1.5,1,0,0,4,1204,541,1935,464646.44
2560,4,2.7,1,0,0,2,985,286,1937,565119.41
4213,3,4.0,2,0,3,1,1719,845,1979,689698.54
2119,2,1.5,3,0,3,4,1136,302,1951,564475.42
820,4,3.5,1,0,3,3,1359,454,1914,411312.57
1842,3,1.6,3,0,0,5,2452,691,1945,584309.41
2876,3,3.3,3,0,1,2,1814,124,1922,400730.02
3332,5,3.2,2,0,2,1,1415,787,1911,541005.03
3324,5,1.9,1,0,2,3,1451,269,1992,312223.56
2494,3,2.0,2,0,2,5,1862,409,1943,504364.2
3458,5,3.4,1,0,3,3,1765,557,2011,678393.96
2538,4,2.4,2,0,0,5,1530,491,1914,455184.54
3990,1,3.2,3,0,3,4,1541,657,1992,664053.57
4177,4,1.4,1,0,1,3,908,179,2008,964014.43
1618,3,3.6,3,0,0,3,823,645,2006,495657.9
2104,3,3.1,3,0,2,3,1429,661,1948,592128.82
4527,4,3.7,2,0,3,4,1246,705,1920,571529.39
735,5,1.4,1,0,3,1,1734,182,1914,533765.55
2469,5,2.8,3,0,1,5,1578,206,1913,618184.4
4929,3,2.8,2,0,1,3,1190,431,1941,462785.75
2408,2,2.1,1,0,3,4,1565,227,2007,400618.38
875,5,2.4,1,0,1,1,1332,139,1979,271051.58
4030,4,1.1,3,0,2,5,2326,422,1914,448586.23
3135,5,3.2,1,0,1,4,1654,546,2005,635215.12
2070,4,2.6,3,0,1,5,875,1059,1962,359030.43
3060,3,1.2,1,0,3,3,2228,609,1967,537001.68
3891,5,3.0,2,0,3,1,1246,850,1926,481533.52
3465,4,2.4,3,0,0,4,1110,491,1986,406892.28
4143,3,1.1,3,0,0,1,2357,611,1992,222043.95
4350,2,3.9,1,0,3,3,1638,470,2004,704428.2
1372,4,3.8,1,0,1,1,1780,1036,1952,577578.58
1752,2,2.5,3,0,1,1,1793,362,1951,899793.17
1814,2,1.3,1,0,0,2,1417,390,1962,661911.95
3398,1,3.3,2,0,0,1,1271,659,1972,701081.6
577,5,2.5,1,0,0,5,1336,541,1952,237596.94
3121,4,1.9,2,0,2,4,2143,415,1956,234974.7
4727,2,2.5,2,0,2,2,1581,692,2019,506346.81
1100,1,2.6,2,0,0,4,2025,491,1951,327782.69
1565,3,2.7,2,0,1,4,1469,490,2006,397806.97
2636,4,2.3,2,0,0,3,1197,546,1942,878939.63
2949,2,2.8,1,0,2,3,923,153,1906,678481.43
2843,5,3.8,2,0,1,2,1759,181,2016,359651.67
2363,1,2.1,1,0,2,3,2177,717,1941,145081.92
1818,2,3.2,2,0,1,3,1145,364,1903,347009.4
4097,5,3.7,3,0,2,3,1705,473,1968,416420.83
4262,2,2.4,2,0,1,4,949,822,1904,451810.45
2690,4,2.3,3,0,1,2,1277,482,1974,308143.06
1492,4,2.8,2,1,1,4,1607,457,2004,669477.59
3212,4,2.8,2,0,1,5,808,679,1991,393280.88
2692,1,3.4,2,0,3,4,1492,380,1979,597286.65
1748,4,2.4,3,0,2,5,1165,740,1940,508083.11
3554,5,4.0,3,0,2,1,1741,675,2017,640771.56
4533,2,1.2,2,0,3,1,1433,866,1993,464311.95
2497,3,1.0,1,0,1,5,1875,361,1903,361252.03
4187,5,2.9,2,0,1,5,1388,773,1901,410211.92
2651,5,1.9,3,0,2,4,955,610,2009,412327.23
4518,4,1.7,2,0,3,5,905,234,1966,809682.58
3610,1,1.9,3,0,1,2,736,-19,2013,511475.79
2470,2,1.8,3,0,1,1,1753,340,1920,500694.92
697,1,1.1,3,0,1,1,2523,558,1969,632303.98
3126,2,3.9,2,1,0,5,1674,587,1942,499989.52
1702,2,1.7,3,0,3,3,2168,488,2016,668251.45
2535,1,3.2,3,0,1,3,1953,489,1981,444188.34
977,5,3.3,2,0,0,5,1292,474,2007,428954.04
1754,2,3.8,3,1,3,2,2006,706,1968,352958.98
1422,1,1.1,2,0,1,3,1308,212,1908,777507.1
919,2,3.6,3,0,2,5,1316,553,1983,489526.28
2704,3,2.6,1,0,0,2,1416,335,1927,323893.63
3097,5,2.9,1,0,0,2,1435,318,1925,529524.08
1620,4,2.9,3,0,1,4,1764,735,1981,402491.92
3568,2,3.5,1,0,1,2,1231,303,1982,441559.82
1450,3,2.0,2,0,0,3,1855,472,1902,546613.01
2836,4,3.2,1,0,2,3,1849,891,1972,728147.79
2743,4,2.6,3,0,2,5,1637,667,1999,515237.8
3145,2,3.4,3,0,3,5,2275,409,1994,393344.48
2357,1,4.0,2,0,1,2,2014,425,1948,424262.77
2365,2,1.6,3,0,2,1,1927,254,1916,598467.08
3412,3,4.0,2,0,3,4,1526,760,1962,206248.86
3353,4,1.3,1,0,2,1,1640,702,1954,343597.66
3728,2,1.0,1,0,1,2,1709,637,1922,531896.91
4219,1,1.1,2,0,3,2,1505,659,1933,243999.56
3728,2,2.0,2,0,3,1,1349,345,2004,453122.32
2871,5,2.9,3,0,3,4,537,190,2004,428260.24
3391,1,1.2,1,0,2,1,1787,612,1968,631617.28
4256,3,1.0,2,0,1,5,1916,677,1914,462457.65
4725,4,3.8,1,0,3,3,1035,821,1946,678003.71
594,2,3.5,2,0,0,5,1742,459,1902,511830.95
3174,1,3.4,1,0,1,3,1263,430,1982,766467.67
2455,5,3.7,3,0,0,2,1353,452,1927,291876.66
1293,1,3.1,1,0,0,4,2024,634,1902,742569.03
2334,5,1.3,1,0,3,1,1103,443,2001,438330.93
2616,3,2.2,1,0,3,4,1103,489,1903,721092.46
4606,4,3.2,1,1,2,1,2221,666,1987,677785.2
3825,3,1.8,1,0,2,5,1441,374,1930,72213.82
3419,2,3.1,3,0,2,5,1998,778,1944,571875.23
3097,1,1.1,2,0,1,1,860,626,1958,649642.96
3705,5,1.9,1,0,2,4,892,128,1944,699288.91
1314,5,2.6,3,0,0,1,1134,396,2022,323504.42
845,1,2.9,1,0,2,2,1307,95,1974,588551.43
2849,1,2.7,1,0,3,5,938,460,1936,529261.05
862,2,3.1,2,0,2,2,1647,400,1964,564711.35
2943,3,1.0,1,0,1,5,1673,666,1908,649840.47
2765,5,1.3,3,0,1,5,1140,323,1916,673506.48
2688,2,3.6,3,0,0,3,1172,577,2017,401638.56
3505,3,3.0,2,0,1,2,1225,613,1964,539812.9
3781,2,1.3,1,0,2,2,1034,551,1902,506170.3
1484,5,3.5,3,0,3,3,341,728,2010,464097.11
2139,1,1.7,1,0,1,4,1465,913,1925,478433.72
1327,1,2.4,1,0,0,2,1327,522,1952,529398.09
3230,3,1.4,1,0,2,1,1368,581,1930,409702.76
4031,4,3.1,2,0,0,3,1095,323,1925,632455.52
4951,3,3.0,1,0,1,2,1824,296,1922,690396.24
3435,4,1.6,3,0,1,4,2470,706,1929,376913.52
4376,2,3.6,1,0,0,2,1166,680,1909,697749.48
626,2,2.2,3,0,2,5,2059,294,1971,377195.99
3677,5,1.9,1,0,1,1,1646,238,2007,634668.04
3556,4,1.5,3,0,3,3,1514,370,1988,697471.82
1103,5,1.8,3,0,1,5,1362,471,1963,485823.4
3949,1,1.1,1,0,2,4,1466,418,1921,378425.34
4646,4,2.7,1,0,1,5,1959,532,1914,411697.55
4033,3,3.5,3,0,0,5,1044,683,2022,554278.53
3867,1,2.6,2,0,1,4,1389,592,2004,794698.16
3868,1,1.7,1,0,1,5,1999,607,1955,246090.07
4297,3,1.1,2,0,2,3,1893,9,2020,515036.29
2292,1,1.6,1,0,0,2,1050,177,1973,486789.18
3361,4,2.2,1,0,2,5,1426,340,1919,431521.74
3976,5,3.3,1,0,1,3,1791,373,2004,487882.71
3917,1,1.6,1,0,3,2,1765,667,1946,418670.48
2145,4,3.2,2,0,1,2,1890,324,1986,686473.31
1705,2,3.6,1,0,2,5,1653,633,1952,701374.07
3530,4,2.4,3,0,3,3,1720,342,1952,513220.29
3372,5,3.5,3,0,2,5,1637,259,1900,478828.25
3572,4,2.7,2,0,2,4,2131,269,1901,426044.5
2354,3,2.9,1,0,0,2,1331,951,1957,513542.2
4521,5,2.6,3,0,3,5,1519,338,1918,777174.65
3208,2,2.4,2,0,1,2,1094,638,1961,484439.86
4002,3,1.7,1,0,2,3,1015,188,1977,374085.14
1832,4,1.9,3,0,1,1,1629,783,1971,440335.72
701,5,1.9,3,1,0,5,1210,569,2001,613020.49
4007,2,2.7,2,0,0,5,1476,554,1911,392339.49
4712,3,1.4,1,0,3,2,2147,582,1925,494944.09
1074,2,3.8,1,0,0,3,2123,604,1926,570932.47
1036,4,3.2,3,0,0,4,2389,661,1928,403720.57
2125,2,2.2,3,0,1,3,2155,380,1914,235339.14
2622,1,1.5,3,0,0,5,2461,368,1945,339292.18
885,3,3.6,1,1,0,4,1674,509,2016,371185.02
3781,2,3.5,2,0,2,3,1138,636,1900,465675.9
974,4,3.2,2,0,0,1,1099,486,1959,506644.95
917,4,1.8,1,0,2,2,2058,654,2006,623555.19
4100,2,2.2,2,0,0,3,1520,623,1991,315911.6
1454,4,1.3,3,0,0,3,1550,456,1956,601743.03
1705,5,1.6,2,0,3,1,1280,150,1902,444361.47
4620,5,3.3,2,0,3,5,1328,399,2014,232167.91
2490,5,3.1,2,0,2,2,1653,848,1917,502036.05
4072,1,2.8,3,0,0,3,1077,568,1951,697440.13
4880,2,3.7,1,0,1,4,1602,372,1959,632467.18
4658,1,2.7,3,0,3,3,2104,550,1933,488559.44
3213,4,2.4,1,0,1,2,646,635,1995,668865.59
2703,1,2.0,1,0,3,3,883,372,1992,528833.4
3620,4,3.8,1,0,3,1,1770,747,1988,647178.32
1466,4,1.2,2,1,0,3,2045,599,1959,250759.65
3932,3,3.8,2,0,3,3,1304,280,1925,312549.08
1188,5,3.5,1,0,1,4,700,671,2002,609355.4
4743,4,1.4,1,0,3,1,2072,418,1971,730892.37
4201,3,2.7,2,0,2,1,1175,464,1918,562594.36
841,5,3.6,3,0,0,3,1355,296,2017,425399.47
2224,4,2.7,1,0,0,4,1627,626,2010,372422.62
4922,4,3.7,3,0,2,3,1233,470,2005,452702.73
2292,1,3.8,2,0,2,3,1149,634,1921,682045.55
2259,1,2.3,1,0,2,2,1156,389,1992,448620.94
3712,5,2.1,3,0,3,2,2243,366,1932,657164.19
1489,4,3.8,3,0,0,4,1963,350,1937,597885.97
2762,2,3.0,3,0,2,5,1729,579,2008,757088.87
2982,1,1.3,2,0,3,2,625,363,2009,530039.28
1451,5,1.1,2,0,2,5,1731,459,1934,492560.55
1222,4,2.7,3,0,1,1,1709,396,2006,664650.82
3889,4,3.8,3,0,1,2,988,588,1966,359710.58
2579,2,3.5,2,0,0,2,1603,152,1982,433397.45
3217,5,3.0,3,0,3,4,1920,549,1909,247999.29
2832,4,1.4,3,0,1,5,1727,846,1990,311851.32
3876,1,1.8,2,0,1,2,1227,747,1914,788505.78
2000,2,3.6,3,0,3,2,1505,376,1910,603847.19
785,5,1.5,3,0,2,4,1792,598,2010,294394.76
3995,2,1.8,3,0,3,4,1523,560,1989,679224.35
2565,1,1.4,2,0,2,5,2001,793,2022,394445.37
1268,5,3.0,3,0,1,1,1658,-2,1923,596142.59
3557,2,3.8,2,0,1,1,1801,722,1976,593902.04
4789,3,1.8,2,0,1,3,1828,446,1995,749748.61
2661,1,2.4,1,0,0,2,1073,351,2000,419340.54
3793,1,2.9,1,0,0,5,1519,345,1903,388965.59
1446,1,4.0,3,0,0,2,1367,240,1912,96643.62
3835,3,1.3,2,0,3,5,1917,377,1972,481734.03
4650,3,2.5,1,0,1,5,1685,284,1956,608799.47
1981,4,2.2,3,0,1,5,1424,536,2012,629296.08
2401,2,3.6,1,0,3,2,987,617,1997,687859.91
3951,4,2.4,1,0,0,4,861,448,2019,543470.86
4564,2,1.3,2,0,3,2,1624,799,1936,575717.17
554,3,2.9,2,0,0,5,1213,390,1947,510218.07
2323,3,3.3,1,0,1,3,1766,438,1970,606118.23
3962,4,1.0,1,0,2,1,842,405,1900,359863.65
3579,5,3.6,2,0,0,5,2137,619,1959,288730.28
1332,4,1.6,3,0,1,3,1765,639,2021,375689.3
4908,2,2.7,2,0,1,4,1539,599,1911,532043.56
3306,4,2.2,1,1,2,5,2173,475,1920,304936.3
2990,1,3.2,3,0,1,3,1879,231,1910,405013.38
827,2,2.1,1,0,1,5,1309,436,1943,409805.86
3810,2,3.6,3,0,0,2,1531,795,2014,617273.18
3800,5,3.2,1,0,0,3,714,702,1957,599014.32
4175,3,2.9,3,0,2,2,1925,558,2007,510572.91
3554,2,3.4,3,0,2,2,1381,423,1943,567659.73
2643,3,3.3,1,0,1,3,709,497,1977,570618.57
1811,4,1.1,3,0,0,1,1027,423,1997,445457.07
3691,1,2.2,2,0,2,3,1848,738,1933,418625.1
3038,5,3.8,1,0,2,1,2145,332,1924,730502.96
4483,3,1.4,2,1,3,5,1508,684,1903,126630.83
664,2,3.2,1,0,2,5,1107,394,1963,388804.49
4777,3,3.9,3,1,1,3,931,764,2015,469432.62
1322,2,1.2,3,0,0,5,2065,585,2018,583992.71
1443,3,3.0,3,0,2,4,1679,350,1989,670325.98
4925,2,2.4,1,0,3,2,1367,438,1915,778509.74
1274,4,2.7,2,0,0,2,1272,642,1909,486243.4
2698,2,1.3,2,0,2,1,1768,400,2008,496289.66
3656,2,1.1,1,0,3,5,1757,504,1965,554391.51
4742,1,3.0,1,0,2,1,1141,397,1934,420331.86
4195,2,3.5,2,0,0,2,1043,851,1982,322364.41
3952,1,3.3,2,0,0,2,1063,886,1905,485562.43
1414,5,2.6,2,0,0,5,1312,792,1918,611805.84
1808,1,1.3,2,0,1,4,1224,475,1958,463561.48
4677,4,3.1,1,0,2,4,2147,419,1952,562015.31
1013,1,1.7,1,0,1,5,1298,344,2015,219677.4
2420,5,3.7,3,0,0,5,1000,807,2014,502760.69
4094,4,3.5,2,0,3,1,1022,686,1907,439483.01
1909,3,3.1,3,0,2,5,1426,695,1977,308731.44
3690,3,3.8,1,0,1,4,771,450,1909,598581.88
4991,1,1.1,1,0,2,5,1475,148,1966,776846.84
2055,1,3.2,3,0,3,1,965,194,1937,648493.84
1304,5,2.0,2,0,1,1,1963,511,1928,658062.35
1779,5,3.7,2,0,0,1,1546,395,1914,606871.56
4077,2,1.8,2,0,1,1,2348,372,1986,596967.72
3401,5,3.2,2,0,2,3,1408,569,1922,230085.21
1887,2,3.6,3,0,2,5,247,702,1981,480807.36
3261,4,1.1,3,0,2,2,2083,359,1945,576300.46
3179,1,2.2,1,1,2,5,1700,238,1982,579710.72
2606,4,3.3,2,0,0,3,1762,364,1927,690755.93
4723,5,2.4,2,0,1,1,1098,291,1925,345140.35
3268,4,1.8,2,0,0,3,1482,618,1909,591090.74
